Question,Response
"How can I save money each month?","To save money each month, start by creating a budget. Identify your essential and non-essential expenses, then cut back on non-essential spending. Automate your savings by setting aside money as soon as you get paid."
"I'm in debt and don't know where to start. What can I do?","To manage debt, begin by creating a repayment plan. Prioritize high-interest debts. Establish a strict budget to save money for repayment. You may also consider debt consolidation if appropriate."
"I don't have retirement savings. How can I start saving for my retirement?","To start saving for retirement, open a retirement account such as an IRA or 401(k). Set a savings goal and contribute regularly. Invest in long-term retirement funds for wealth growth."
"I want to buy a house but don't know where to begin. Any advice?","To buy a house, start by saving for a down payment. Check your credit score and improve it if necessary. Get pre-approved for a mortgage. Research neighborhoods and find a trustworthy real estate agent."
"How can I save money on utility bills?","To save on utility bills, adopt energy-efficient practices, such as installing LED bulbs and reducing unnecessary heating/cooling. Shop for cheaper energy providers and consider energy-efficient home improvements."
"I want to teach my children financial skills. How can I educate them about money?","To educate your children about money, start with open conversations about money at home. Show them how to manage a budget, save, and invest. Encourage them to save pocket money and learn the value of money."
"I have credit card debt. How can I pay it off faster?","To pay off credit card debt faster, establish a repayment plan by prioritizing cards with the highest interest rates. Cut non-essential expenses to increase payments. Consider balance transfers with low-interest rates if possible."
"I want to invest money, but I'm a novice. Where should I start?","If you're a novice in investing, start with an online brokerage account. Diversify your investments in stocks, bonds, and mutual funds. Research individual stocks or consult a financial advisor for guidance."
"What are the steps to create an effective budget?","To create an effective budget, start by tracking your expenses. Identify your monthly income and expenses. Create spending categories and allocate funds to each category. Regularly monitor your budget and make adjustments if necessary."
"I'm unemployed. How can I manage my finances during unemployment?","During unemployment, prioritize essential expenses like housing and utilities. Cut back on non-essential expenses. Actively look for a new job. You can also explore government assistance programs and manage your emergency savings."
"How can I save money on taxes?","To save on taxes, take advantage of tax deductions, such as mortgage deductions or education deductions. Invest in tax-exempt retirement accounts. Consult a tax professional to optimize your tax returns."
"I want to invest in the stock market. Any tips for beginners?","For beginners in the stock market, start with research and learning. Invest in stocks of solid companies and diversify your portfolio. Avoid panicking during market fluctuations. Consider a retirement account for long-term investment."
"I want to save money for a significant purchase. How can I establish a savings plan?","To save for a significant purchase, set a savings goal and a target date. Create a specific savings account. Automate money transfers to this account. Regularly track your progress and adjust if necessary."
"I have student loans. How can I manage these debts effectively?","To manage student loan debts, explore flexible repayment plans. Create a budget to include loan payments. Look for loan forgiveness or repayment assistance programs if eligible. Prioritize repayment without sacrificing essential needs."
"What are the benefits of an emergency fund, and how much should I save?","An emergency fund is essential for unexpected expenses. It should cover at least 3 to 6 months of current expenses. Benefits include peace of mind and the ability to handle emergencies without going into debt."
"How can I teach my children the importance of money and saving?","Teaching the importance of money to your children involves open conversations about money. Involve them in the family budget. Help them open a savings account and teach them to save for goals. Show them the importance of financial planning."
"I plan to become self-employed. Any advice for managing finances as a freelancer?","As a freelancer, create a solid financial plan. Establish a business budget. Set aside money for taxes. Diversify your income sources and establish an emergency fund for challenging times."
"How can I reduce my daily commuting expenses?","To reduce commuting expenses, consider carpooling, public transportation, or telecommuting if possible. Save on maintenance and gas costs by regularly maintaining your vehicle. Plan your trips efficiently."
"I have high medical expenses. How can I manage healthcare costs?","To manage healthcare costs, review your health insurance and choose appropriate coverage. Save for future medical expenses by opening a Health Savings Account (HSA). Be proactive in disease prevention."
"How can I invest responsibly and ethically?","To invest responsibly, explore socially responsible investment funds (SRI) or Environmental, Social, and Governance (ESG) investments. Research ethical and sustainable companies. Align your values with your investments."
"I want to save for my children's education. Any saving strategies for education?","For saving for your children's education, consider a 529 account or an Education Savings Account. Set specific savings goals for each child. Invest regularly for long-term growth."
"I want to buy a car. Any tips for saving money when purchasing a car?","To save money when buying a car, research models, prices, and financing offers. Negotiate the price with the seller. Consider buying used instead of new to save on depreciation."
"I plan to become a homeowner. How can I improve my credit score for a favorable mortgage?","To improve your credit score for a mortgage, pay existing debts on time. Use your credit cards judiciously. Check your credit report for errors. Be consistent in payments and avoid new debts."
"How can I financially protect my family in case of an emergency or death?","To financially protect your family, get life insurance to ensure financial security in case of death. Establish a will and directives in case of incapacity. Save in an emergency fund for unforeseen emergencies."
"I have credit card debts. How can I manage these debts more effectively?","To manage credit card debts effectively, create a repayment plan by prioritizing debts with the highest interest rates. Cut non-essential expenses to increase payments. Consolidate debts if it can reduce interest rates."
"What are the best practices for saving money on vacations?","To save on vacations, set a realistic travel budget. Look for deals and discounts on flights and accommodation. Save on meals by cooking yourself. Use loyalty programs for travel benefits."
"I want to start a business. How can I get initial funding?","To get initial funding for your business, explore small business loans, angel investors, or crowdfunding. Draft a solid business plan to convince investors. Use your savings or personal assets if possible."
"What are common financial mistakes to avoid?","Common financial mistakes to avoid include neglecting emergency savings, overusing credit cards, ignoring debts and hidden fees, and investing without adequate research. Establish financial goals and follow a financial plan to avoid these pitfalls."
"How can I plan my retirement effectively?","To plan your retirement effectively, start early by investing in tax-exempt retirement accounts. Set a retirement savings goal. Diversify your investments. Consult a financial advisor for a personalized retirement plan."
"I have an unexpected inheritance. What are the steps to manage this money wisely?","To manage an unexpected inheritance, take the time to understand your financial situation. Pay off high debts and create an emergency fund. Invest the inheritance diversely and plan according to your financial goals."
"How can I reduce unnecessary expenses and increase my savings?","To reduce unnecessary expenses, examine your spending habits. Establish a strict budget and stick to it. Save on leisure activities and impulse purchases. Automate your savings by transferring money to a savings account with each paycheck."
"I'm about to retire. What are the best ways to maximize my savings and investments in retirement?","To maximize your savings in retirement, consider working part-time if needed. Develop a gradual withdrawal plan to minimize taxes. Diversify your investments for a stable income."
"I'm about to become a parent. How can I prepare my finances for the arrival of a child?","To prepare your finances for the arrival of a child, establish a family budget. Save for expenses related to pregnancy and childbirth. Ensure you have adequate health insurance. Develop a plan for childcare costs."
"I want to help my elderly parents manage their finances. Any advice for planning their retirement?","To help your parents manage their retirement, discuss their financial goals. Create a retirement plan to optimize their savings. Explore long-term care options and ensure they have financial power of attorney in place."
"I want to reduce my mortgage payments. What can I do?","To reduce your mortgage payments, consider refinancing if interest rates have dropped. Discuss loan modification with your lender. Make prepayments to reduce principal debt. Save on incidental fees."
"I received a salary increase. How can I make the most of this raise?","To make the most of a salary increase, increase your savings and investments. Reduce or eliminate high-interest debts. Set aside money for long-term financial goals, such as retirement or your children's education."
"How can I plan a vacation without breaking the bank?","To plan an economical vacation, set a realistic travel budget. Look for affordable destinations and special deals. Use loyalty programs and travel rewards. Save on incidental expenses, such as dining out."
"I want to save to buy a house. What are the ways to save for a down payment?","To save for a down payment, establish a strict budget and cut non-essential expenses. Automate your savings by transferring money to a specific savings account. Save bonuses or windfalls instead of spending them immediately."
"How can I avoid credit card debt traps?","To avoid credit card debt traps, pay the full balance each month to avoid interest. Use cards responsibly and moderately. Limit the number of cards you own. Establish a budget to control your spending."
"I have high medical expenses. How can I maximize the benefits of my health plan?","To maximize the benefits of your health plan, understand your coverage. Use in-network healthcare providers. Undergo preventive medical check-ups. Save on medications by using generics or buying in bulk."
"How can I effectively manage my credit card debts?","To effectively manage credit card debts, create a repayment plan by prioritizing cards with the highest interest rates. Cut down on impulse purchases. Consolidate debts if it reduces interest rates. Use reward cards to save."
"I'm about to get married. How can I manage family finances with my partner?","To manage family finances, openly communicate with your partner about financial goals and expectations. Create a joint budget. Divide financial responsibilities based on strengths. Save for shared goals like a home or family vacations."
"How can I save money each month?","To save money each month, start by creating a budget. Identify your essential and non-essential expenses, then cut back on non-essential spending. Automate your savings by setting aside money as soon as you get paid."
"I'm in debt and don't know where to start. What can I do?","To manage debt, begin by creating a repayment plan. Prioritize high-interest debts. Establish a strict budget to save money for repayment. You may also consider debt consolidation if appropriate."
"I don't have retirement savings. How can I start saving for my retirement?","To start saving for retirement, open a retirement account such as an IRA or 401(k). Set a savings goal and contribute regularly. Invest in long-term retirement funds for wealth growth."
"I want to buy a house but don't know where to begin. Any advice?","To buy a house, start by saving for a down payment. Check your credit score and improve it if necessary. Get pre-approved for a mortgage. Research neighborhoods and find a trustworthy real estate agent."
"How can I save money on utility bills?","To save on utility bills, adopt energy-efficient practices, such as installing LED bulbs and reducing unnecessary heating/cooling. Shop for cheaper energy providers and consider energy-efficient home improvements."
"I want to teach my children financial skills. How can I educate them about money?","To educate your children about money, start with open conversations about money at home. Show them how to manage a budget, save, and invest. Encourage them to save pocket money and learn the value of money."
"I have credit card debt. How can I pay it off faster?","To pay off credit card debt faster, establish a repayment plan by prioritizing cards with the highest interest rates. Cut non-essential expenses to increase payments. Consider balance transfers with low-interest rates if possible."
"I want to invest money, but I'm a novice. Where should I start?","If you're a novice in investing, start with an online brokerage account. Diversify your investments in stocks, bonds, and mutual funds. Research individual stocks or consult a financial advisor for guidance."
"What are the steps to create an effective budget?","To create an effective budget, start by tracking your expenses. Identify your monthly income and expenses. Create spending categories and allocate funds to each category. Regularly monitor your budget and make adjustments if necessary."
"I'm unemployed. How can I manage my finances during unemployment?","During unemployment, prioritize essential expenses like housing and utilities. Cut back on non-essential expenses. Actively look for a new job. You can also explore government assistance programs and manage your emergency savings."
"How can I save money on taxes?","To save on taxes, take advantage of tax deductions, such as mortgage deductions or education deductions. Invest in tax-exempt retirement accounts. Consult a tax professional to optimize your tax returns."
"I want to invest in the stock market. Any tips for beginners?","For beginners in the stock market, start with research and learning. Invest in stocks of solid companies and diversify your portfolio. Avoid panicking during market fluctuations. Consider a retirement account for long-term investment."
"I want to save money for a significant purchase. How can I establish a savings plan?","To save for a significant purchase, set a savings goal and a target date. Create a specific savings account. Automate money transfers to this account. Regularly track your progress and adjust if necessary."
"I have student loans. How can I manage these debts effectively?","To manage student loan debts, explore flexible repayment plans. Create a budget to include loan payments. Look for loan forgiveness or repayment assistance programs if eligible. Prioritize repayment without sacrificing essential needs."
"What are the benefits of an emergency fund, and how much should I save?","An emergency fund is essential for unexpected expenses. It should cover at least 3 to 6 months of current expenses. Benefits include peace of mind and the ability to handle emergencies without going into debt."
"How can I teach my children the importance of money and saving?","Teaching the importance of money to your children involves open conversations about money. Involve them in the family budget. Help them open a savings account and teach them to save for goals. Show them the importance of financial planning."
"I plan to become self-employed. Any advice for managing finances as a freelancer?","As a freelancer, create a solid financial plan. Establish a business budget. Set aside money for taxes. Diversify your income sources and establish an emergency fund for challenging times."
"How can I reduce my daily commuting expenses?","To reduce commuting expenses, consider carpooling, public transportation, or telecommuting if possible. Save on maintenance and gas costs by regularly maintaining your vehicle. Plan your trips efficiently."
"I have high medical expenses. How can I manage healthcare costs?","To manage healthcare costs, review your health insurance and choose appropriate coverage. Save for future medical expenses by opening a Health Savings Account (HSA). Be proactive in disease prevention."
"How can I invest responsibly and ethically?","To invest responsibly, explore socially responsible investment funds (SRI) or Environmental, Social, and Governance (ESG) investments. Research ethical and sustainable companies. Align your values with your investments."
"I want to save for my children's education. Any saving strategies for education?","For saving for your children's education, consider a 529 account or an Education Savings Account. Set specific savings goals for each child. Invest regularly for long-term growth."
"I want to buy a car. Any tips for saving money when purchasing a car?","To save money when buying a car, research models, prices, and financing offers. Negotiate the price with the seller. Consider buying used instead of new to save on depreciation."
"I plan to become a homeowner. How can I improve my credit score for a favorable mortgage?","To improve your credit score for a mortgage, pay existing debts on time. Use your credit cards judiciously. Check your credit report for errors. Be consistent in payments and avoid new debts."
"How can I financially protect my family in case of an emergency or death?","To financially protect your family, get life insurance to ensure financial security in case of death. Establish a will and directives in case of incapacity. Save in an emergency fund for unforeseen emergencies."
"I have credit card debts. How can I manage these debts more effectively?","To manage credit card debts effectively, create a repayment plan by prioritizing debts with the highest interest rates. Cut non-essential expenses to increase payments. Consolidate debts if it can reduce interest rates."
"What are the best practices for saving money on vacations?","To save on vacations, set a realistic travel budget. Look for deals and discounts on flights and accommodation. Save on meals by cooking yourself. Use loyalty programs for travel benefits."
"I want to start a business. How can I get initial funding?","To get initial funding for your business, explore small business loans, angel investors, or crowdfunding. Draft a solid business plan to convince investors. Use your savings or personal assets if possible."
"What are common financial mistakes to avoid?","Common financial mistakes to avoid include neglecting emergency savings, overusing credit cards, ignoring debts and hidden fees, and investing without adequate research. Establish financial goals and follow a financial plan to avoid these pitfalls."
"How can I plan my retirement effectively?","To plan your retirement effectively, start early by investing in tax-exempt retirement accounts. Set a retirement savings goal. Diversify your investments. Consult a financial advisor for a personalized retirement plan."
"I have an unexpected inheritance. What are the steps to manage this money wisely?","To manage an unexpected inheritance, take the time to understand your financial situation. Pay off high debts and create an emergency fund. Invest the inheritance diversely and plan according to your financial goals."
"How can I reduce unnecessary expenses and increase my savings?","To reduce unnecessary expenses, examine your spending habits. Establish a strict budget and stick to it. Save on leisure activities and impulse purchases. Automate your savings by transferring money to a savings account with each paycheck."
"I'm about to retire. What are the best ways to maximize my savings and investments in retirement?","To maximize your savings in retirement, consider working part-time if needed. Develop a gradual withdrawal plan to minimize taxes. Diversify your investments for a stable income."
"I'm about to become a parent. How can I prepare my finances for the arrival of a child?","To prepare your finances for the arrival of a child, establish a family budget. Save for expenses related to pregnancy and childbirth. Ensure you have adequate health insurance. Develop a plan for childcare costs."
"I want to help my elderly parents manage their finances. Any advice for planning their retirement?","To help your parents manage their retirement, discuss their financial goals. Create a retirement plan to optimize their savings. Explore long-term care options and ensure they have financial power of attorney in place."
"I want to reduce my mortgage payments. What can I do?","To reduce your mortgage payments, consider refinancing if interest rates have dropped. Discuss loan modification with your lender. Make prepayments to reduce principal debt. Save on incidental fees."
"I received a salary increase. How can I make the most of this raise?","To make the most of a salary increase, increase your savings and investments. Reduce or eliminate high-interest debts. Set aside money for long-term financial goals, such as retirement or your children's education."
"How can I plan a vacation without breaking the bank?","To plan an economical vacation, set a realistic travel budget. Look for affordable destinations and special deals. Use loyalty programs and travel rewards. Save on incidental expenses, such as dining out."
"I want to save to buy a house. What are the ways to save for a down payment?","To save for a down payment, establish a strict budget and cut non-essential expenses. Automate your savings by transferring money to a specific savings account. Save bonuses or windfalls instead of spending them immediately."
"How can I avoid credit card debt traps?","To avoid credit card debt traps, pay the full balance each month to avoid interest. Use cards responsibly and moderately. Limit the number of cards you own. Establish a budget to control your spending."
"I have high medical expenses. How can I maximize the benefits of my health plan?","To maximize the benefits of your health plan, understand your coverage. Use in-network healthcare providers. Undergo preventive medical check-ups. Save on medications by using generics or buying in bulk."
"How can I effectively manage my credit card debts?","To effectively manage credit card debts, create a repayment plan by prioritizing cards with the highest interest rates. Cut down on impulse purchases. Consolidate debts if it reduces interest rates. Use reward cards to save."
"I'm about to get married. How can I manage family finances with my partner?","To manage family finances, openly communicate with your partner about financial goals and expectations. Create a joint budget. Divide financial responsibilities based on strengths. Save for shared goals like a home or family vacations."
"How can I create a budget to manage my monthly expenses effectively?","Creating a budget involves tracking income, categorizing expenses, and setting spending limits. Use budgeting apps, prioritize necessities, and review and adjust the budget regularly."
"I'm planning to start a family. How can I financially prepare for the costs of raising children?","Financially preparing for a family involves budgeting for childcare, education, and medical expenses. Consider life insurance, create an emergency fund, and explore available tax credits and deductions."
"I want to invest in the stock market. What are some beginner-friendly investment strategies?","For beginners in the stock market, consider index funds, diversify your portfolio, and invest for the long term. Research companies, stay informed about market trends, and avoid emotional decision-making."
"What are the tax implications of selling stocks and other investments?","The tax implications of selling investments depend on factors like holding period and type of account. Short-term gains are taxed at a higher rate than long-term gains. Consult a tax professional for personalized advice."
"How can I teach my children about money management and financial responsibility?","Teaching children about money involves setting a good example, involving them in budgeting, and providing age-appropriate financial education. Use allowances to teach saving, spending, and charitable giving."
"I'm interested in starting a side hustle. How can I manage the financial aspects effectively?","Managing the financial aspects of a side hustle involves tracking income and expenses separately, setting aside taxes, and having a dedicated business bank account. Consider consulting a tax professional for guidance."
"What are the benefits of having an emergency fund, and how much should I save?","An emergency fund provides a financial safety net for unexpected expenses. Aim to save three to six months' worth of living expenses. Start with a realistic goal and gradually increase it over time."
"I want to invest in the foreign exchange (forex) market. What do I need to know as a beginner?","For beginners in forex trading, educate yourself about the market, start with a demo account, and practice risk management. Be aware of market volatility and use reliable trading platforms."
"How can I effectively manage credit card debt and pay it off faster?","Managing credit card debt involves creating a repayment plan, negotiating lower interest rates, and prioritizing high-interest balances. Consider balance transfers and avoid accumulating new debt. Seek professional advice if needed."
"I'm planning to buy my first home. What steps should I take to secure a mortgage and find the right property?","Securing a mortgage for your first home involves checking your credit, saving for a down payment, and getting pre-approved. Research neighborhoods, work with a real estate agent, and carefully review the terms of the mortgage."
"I'm nearing retirement. What are some strategies to ensure a steady income during retirement?","To ensure a steady income in retirement, consider creating a diversified portfolio, delaying Social Security benefits, and exploring annuities. Have a withdrawal plan and regularly review and adjust your retirement strategy."
"How can I save money on daily expenses without sacrificing quality of life?","Saving money on daily expenses involves meal planning, shopping strategically, and avoiding impulse purchases. Look for discounts, use coupons, and consider DIY alternatives for certain services."
"I want to start a savings plan for travel. How can I budget effectively and save for my dream vacation?","Budgeting for travel involves setting a savings goal, cutting non-essential expenses, and automating regular contributions to a travel fund. Research and plan your trip in advance to get the best deals."
"I'm planning to invest in a 401(k). What investment options should I consider within my employer's plan?","When investing in a 401(k), consider your risk tolerance and investment goals. Choose a diversified mix of stocks and bonds. Review and adjust your investment choices periodically based on changes in your financial situation."
"How can I avoid lifestyle inflation and ensure that I continue to save as my income increases?","Avoiding lifestyle inflation involves setting financial goals, creating a budget, and prioritizing saving and investing. Be mindful of your spending habits and regularly reassess your financial priorities as your income grows."
"I'm interested in day trading. What are the risks and potential rewards, and how can I minimize the risks?","Day trading involves significant risks due to market volatility. Potential rewards include quick profits. To minimize risks, use risk management strategies, stay informed, and start with a small investment. Consider seeking advice from experienced traders."
"I want to improve my financial literacy. What resources and tools can help me learn more about personal finance?","Improving financial literacy involves reading books, taking online courses, and using reputable financial websites. Follow financial experts, attend workshops, and consider hiring a financial advisor for personalized guidance."
"What are the pros and cons of leasing versus buying a car?","Leasing a car involves lower monthly payments but doesn't provide ownership. Buying a car allows ownership but may have higher monthly payments. Consider your driving habits, budget, and long-term goals when deciding between leasing and buying."
"I'm planning to start a family. How can I financially prepare for the costs of raising children?","Financially preparing for a family involves budgeting for childcare, education, and medical expenses. Consider life insurance, create an emergency fund, and explore available tax credits and deductions."
"I want to invest in the stock market. What are some beginner-friendly investment strategies?","For beginners in the stock market, consider index funds, diversify your portfolio, and invest for the long term. Research companies, stay informed about market trends, and avoid emotional decision-making."
"What are the tax implications of selling stocks and other investments?","The tax implications of selling investments depend on factors like holding period and type of account. Short-term gains are taxed at a higher rate than long-term gains. Consult a tax professional for personalized advice."
"How can I teach my children about money management and financial responsibility?","Teaching children about money involves setting a good example, involving them in budgeting, and providing age-appropriate financial education. Use allowances to teach saving, spending, and charitable giving."
"I'm interested in starting a side hustle. How can I manage the financial aspects effectively?","Managing the financial aspects of a side hustle involves tracking income and expenses separately, setting aside taxes, and having a dedicated business bank account. Consider consulting a tax professional for guidance."
"What are the benefits of having an emergency fund, and how much should I save?","An emergency fund provides a financial safety net for unexpected expenses. Aim to save three to six months' worth of living expenses. Start with a realistic goal and gradually increase it over time."
"I want to invest in the foreign exchange (forex) market. What do I need to know as a beginner?","For beginners in forex trading, educate yourself about the market, start with a demo account, and practice risk management. Be aware of market volatility and use reliable trading platforms."
"How can I effectively manage credit card debt and pay it off faster?","Managing credit card debt involves creating a repayment plan, negotiating lower interest rates, and prioritizing high-interest balances. Consider balance transfers and avoid accumulating new debt. Seek professional advice if needed."
"I'm planning to buy my first home. What steps should I take to secure a mortgage and find the right property?","Securing a mortgage for your first home involves checking your credit, saving for a down payment, and getting pre-approved. Research neighborhoods, work with a real estate agent, and carefully review the terms of the mortgage."
"I'm nearing retirement. What are some strategies to ensure a steady income during retirement?","To ensure a steady income in retirement, consider creating a diversified portfolio, delaying Social Security benefits, and exploring annuities. Have a withdrawal plan and regularly review and adjust your retirement strategy."
"How can I save money on daily expenses without sacrificing quality of life?","Saving money on daily expenses involves meal planning, shopping strategically, and avoiding impulse purchases. Look for discounts, use coupons, and consider DIY alternatives for certain services."
"I want to start a savings plan for travel. How can I budget effectively and save for my dream vacation?","Budgeting for travel involves setting a savings goal, cutting non-essential expenses, and automating regular contributions to a travel fund. Research and plan your trip in advance to get the best deals."
"I'm planning to invest in a 401(k). What investment options should I consider within my employer's plan?","When investing in a 401(k), consider your risk tolerance and investment goals. Choose a diversified mix of stocks and bonds. Review and adjust your investment choices periodically based on changes in your financial situation."
"How can I avoid lifestyle inflation and ensure that I continue to save as my income increases?","Avoiding lifestyle inflation involves setting financial goals, creating a budget, and prioritizing saving and investing. Be mindful of your spending habits and regularly reassess your financial priorities as your income grows."
"I'm interested in day trading. What are the risks and potential rewards, and how can I minimize the risks?","Day trading involves significant risks due to market volatility. Potential rewards include quick profits. To minimize risks, use risk management strategies, stay informed, and start with a small investment. Consider seeking advice from experienced traders."
"I want to improve my financial literacy. What resources and tools can help me learn more about personal finance?","Improving financial literacy involves reading books, taking online courses, and using reputable financial websites. Follow financial experts, attend workshops, and consider hiring a financial advisor for personalized guidance."
"What are the pros and cons of leasing versus buying a car?","Leasing a car involves lower monthly payments but doesn't provide ownership. Buying a car allows ownership but may have higher monthly payments. Consider your driving habits, budget, and long-term goals when deciding between leasing and buying."
"I'm expecting a baby. How can I financially prepare for the costs associated with childbirth and childcare?","Financially preparing for a baby involves budgeting for medical expenses, creating a nursery fund, and planning for childcare costs. Review health insurance coverage and explore parental leave options."
"I want to start a college fund for my child. What are the best savings options for their education?","Starting a college fund involves considering options like 529 plans or Education Savings Accounts (ESAs). Begin saving early, contribute regularly, and explore available tax benefits for education savings."
"How can I adjust my budget to accommodate the additional expenses of having a baby?","Adjusting your budget for a baby involves identifying necessary expenses, cutting non-essential spending, and prioritizing baby-related costs. Plan for medical bills, baby supplies, and potential changes in income or parental leave."
"I'm a new parent. What are some financial tips for managing the costs of parenthood effectively?","Financial tips for new parents include creating a baby budget, building an emergency fund, and reviewing life insurance. Look for cost-saving measures on baby supplies and consider second-hand items."
"I want to teach my child about money from a young age. What are some age-appropriate financial lessons for children?","Teaching children about money involves starting with basic concepts like saving, spending, and giving. Use piggy banks, introduce budgeting with allowances, and gradually teach more advanced financial principles as they grow."
"I'm considering life insurance now that I have a family. What type of life insurance is suitable for me, and how much coverage do I need?","Choosing life insurance involves considering term life or whole life policies. Calculate coverage needs based on debts, future expenses, and income replacement. Review and update your policy regularly as your family grows."
"I'm a single parent. How can I effectively manage finances and plan for my child's future?","Managing finances as a single parent involves creating a budget, building an emergency fund, and considering life insurance. Seek support from family or community resources, and prioritize both short-term and long-term financial goals."
"I want to start investing for my child's future. What are the best investment options for building wealth over the long term?","Investing for a child's future involves options like custodial accounts, index funds, and education-specific investments. Consider the time horizon, risk tolerance, and potential growth of different investment vehicles."
"What are the essential financial documents I should organize and update after becoming a parent?","Organizing financial documents after becoming a parent includes updating wills, creating a trust if necessary, and ensuring beneficiary designations are current. Organize important documents like insurance policies, investment accounts, and birth certificates."
"I'm planning to return to work after having a baby. How can I manage childcare costs without compromising my career goals?","Managing childcare costs involves researching affordable childcare options, considering flexible work arrangements, and budgeting for related expenses. Evaluate the cost-effectiveness of different childcare solutions based on your career goals and financial situation."
"I want to celebrate my child's milestones without overspending. How can I plan affordable yet memorable birthday parties and events?","Planning affordable birthday parties involves setting a budget, considering DIY options, and focusing on meaningful experiences. Explore cost-effective venue options, create a gift registry, and involve your child in the planning process."
"I'm concerned about the rising costs of education. What strategies can I use to save for my child's college fund more efficiently?","Efficiently saving for a college fund involves setting specific savings goals, automating contributions, and taking advantage of tax-advantaged accounts. Explore scholarship opportunities, consider community college options, and encourage your child to contribute through part-time work or grants."
"I'm a stay-at-home parent. How can I contribute to our family's finances and build my own financial security?","Contributing to family finances as a stay-at-home parent involves exploring remote work or freelance opportunities, budgeting effectively, and maintaining financial independence. Consider building an emergency fund and staying informed about financial matters."
"I want to involve my child in charitable giving. How can I teach them about philanthropy and choose age-appropriate ways to give back?","Teaching children about philanthropy involves involving them in charitable activities, discussing the impact of donations, and setting a giving budget. Choose age-appropriate volunteer opportunities and explore charities aligned with your family's values."
"I'm a working parent. How can I balance career ambitions with family responsibilities and still prioritize personal financial well-being?","Balancing work and family involves effective time management, setting realistic career goals, and prioritizing self-care. Create a family calendar, communicate with your employer about flexible work arrangements, and ensure you have a financial plan in place."
"I'm planning to have more children. How can I financially prepare for expanding my family?","Financially preparing for more children involves adjusting your budget for increased expenses, reassessing insurance coverage, and planning for potential changes in income. Consider the costs of childcare, education, and medical expenses for each additional child."
"I want to start a college fund for my child. What are the best savings options for their education?","Starting a college fund involves considering options like 529 plans or Education Savings Accounts (ESAs). Begin saving early, contribute regularly, and explore available tax benefits for education savings."
"How can I adjust my budget to accommodate the additional expenses of having a baby?","Adjusting your budget for a baby involves identifying necessary expenses, cutting non-essential spending, and prioritizing baby-related costs. Plan for medical bills, baby supplies, and potential changes in income or parental leave."
"I'm a new parent. What are some financial tips for managing the costs of parenthood effectively?","Financial tips for new parents include creating a baby budget, building an emergency fund, and reviewing life insurance. Look for cost-saving measures on baby supplies and consider second-hand items."
"I want to teach my child about money from a young age. What are some age-appropriate financial lessons for children?","Teaching children about money involves starting with basic concepts like saving, spending, and giving. Use piggy banks, introduce budgeting with allowances, and gradually teach more advanced financial principles as they grow."
"I'm considering life insurance now that I have a family. What type of life insurance is suitable for me, and how much coverage do I need?","Choosing life insurance involves considering term life or whole life policies. Calculate coverage needs based on debts, future expenses, and income replacement. Review and update your policy regularly as your family grows."
"I'm a single parent. How can I effectively manage finances and plan for my child's future?","Managing finances as a single parent involves creating a budget, building an emergency fund, and considering life insurance. Seek support from family or community resources, and prioritize both short-term and long-term financial goals."
"I want to start investing for my child's future. What are the best investment options for building wealth over the long term?","Investing for a child's future involves options like custodial accounts, index funds, and education-specific investments. Consider the time horizon, risk tolerance, and potential growth of different investment vehicles."
"What are the essential financial documents I should organize and update after becoming a parent?","Organizing financial documents after becoming a parent includes updating wills, creating a trust if necessary, and ensuring beneficiary designations are current. Organize important documents like insurance policies, investment accounts, and birth certificates."
"I'm planning to return to work after having a baby. How can I manage childcare costs without compromising my career goals?","Managing childcare costs involves researching affordable childcare options, considering flexible work arrangements, and budgeting for related expenses. Evaluate the cost-effectiveness of different childcare solutions based on your career goals and financial situation."
"I want to celebrate my child's milestones without overspending. How can I plan affordable yet memorable birthday parties and events?","Planning affordable birthday parties involves setting a budget, considering DIY options, and focusing on meaningful experiences. Explore cost-effective venue options, create a gift registry, and involve your child in the planning process."
"I'm concerned about the rising costs of education. What strategies can I use to save for my child's college fund more efficiently?","Efficiently saving for a college fund involves setting specific savings goals, automating contributions, and taking advantage of tax-advantaged accounts. Explore scholarship opportunities, consider community college options, and encourage your child to contribute through part-time work or grants."
"I'm a stay-at-home parent. How can I contribute to our family's finances and build my own financial security?","Contributing to family finances as a stay-at-home parent involves exploring remote work or freelance opportunities, budgeting effectively, and maintaining financial independence. Consider building an emergency fund and staying informed about financial matters."
"I want to involve my child in charitable giving. How can I teach them about philanthropy and choose age-appropriate ways to give back?","Teaching children about philanthropy involves involving them in charitable activities, discussing the impact of donations, and setting a giving budget. Choose age-appropriate volunteer opportunities and explore charities aligned with your family's values."
"I'm a working parent. How can I balance career ambitions with family responsibilities and still prioritize personal financial well-being?","Balancing work and family involves effective time management, setting realistic career goals, and prioritizing self-care. Create a family calendar, communicate with your employer about flexible work arrangements, and ensure you have a financial plan in place."
"I'm planning to have more children. How can I financially prepare for expanding my family?","Financially preparing for more children involves adjusting your budget for increased expenses, reassessing insurance coverage, and planning for potential changes in income. Consider the costs of childcare, education, and medical expenses for each additional child."